{
  "analysis": "h1a_functional_split",
  "tasks": [
    "CommonsenseQA",
    "ARC-Challenge",
    "HellaSwag",
    "GSM8K",
    "OpenbookQA",
    "ARC-Easy",
    "WinoGrande",
    "SVAMP",
    "HumanEval",
    "MBPP"
  ],
  "attn_dim": 2179072,
  "mlp_dim": 7053312,
  "bootstrap_samples": 1000,
  "seed": 42,
  "results": [
    {
      "component": "full",
      "dim": 9232384,
      "n_tasks": 10,
      "r90": 9,
      "rho": 0.9,
      "rho_ci_95": [
        0.4,
        0.7
      ],
      "h1a_decision": "inconclusive",
      "singular_values_top10": [
        1.001291275024414,
        1.001083254814148,
        1.0007436275482178,
        1.0003831386566162,
        1.0001983642578125,
        1.0000476837158203,
        0.9995201826095581,
        0.9993159174919128,
        0.9989829659461975,
        0.9984440803527832
      ]
    },
    {
      "component": "attention",
      "dim": 2179072,
      "n_tasks": 10,
      "r90": 9,
      "rho": 0.9,
      "rho_ci_95": [
        0.4,
        0.7
      ],
      "h1a_decision": "inconclusive",
      "singular_values_top10": [
        1.0023494958877563,
        1.0015747547149658,
        1.0010775327682495,
        1.000510573387146,
        0.9999626874923706,
        0.9998440742492676,
        0.9993559718132019,
        0.9991562962532043,
        0.9987791180610657,
        0.9974085092544556
      ]
    },
    {
      "component": "mlp",
      "dim": 7053312,
      "n_tasks": 10,
      "r90": 9,
      "rho": 0.9,
      "rho_ci_95": [
        0.4,
        0.7
      ],
      "h1a_decision": "inconclusive",
      "singular_values_top10": [
        1.0020153522491455,
        1.0019062757492065,
        1.0004931688308716,
        1.0002918243408203,
        1.0001306533813477,
        0.9998987317085266,
        0.9995409846305847,
        0.9991175532341003,
        0.9985267519950867,
        0.9980849623680115
      ]
    }
  ]
}